{"epoch": 1, "acc1": 17.51, "acc5": 43.269999999999996, "test_loss": 3.4597903636932372, "train_loss": 3.853342937811827, "lr": 0.1, "_timestamp": 1685863741.3854725, "_runtime": 28.50689458847046, "_step": 0, "_wandb": {"runtime": 28}}